2025-01-29 11:14:10,4,1,2,0,24
2025-01-29 11:14:11,4,1,0,0,20
2025-01-29 11:14:11,3,1,0,0,18
2025-01-29 11:14:11,3,1,1,0,20
2025-01-29 11:14:11,3,1,0,0,18
2025-01-29 11:14:11,3,1,1,0,20
2025-01-29 11:14:11,4,1,1,0,22
2025-01-29 11:14:11,3,1,1,0,20
2025-01-29 11:14:11,5,1,0,0,22
2025-01-29 11:14:11,5,1,0,0,22
2025-01-29 11:14:11,4,1,0,0,20
2025-01-29 11:14:11,3,1,0,0,18
2025-01-29 11:14:11,3,1,1,0,20
2025-01-29 11:14:12,2,1,2,0,20
2025-01-29 11:14:12,2,1,2,0,20
2025-01-29 11:14:12,2,1,2,0,20
2025-01-29 11:14:12,2,2,2,0,22
2025-01-29 11:14:12,2,3,2,0,24
2025-01-29 11:14:12,2,2,1,0,20
2025-01-29 11:14:12,2,1,2,0,20
2025-01-29 11:14:12,2,1,2,0,20
2025-01-29 11:14:12,2,2,2,1,23
2025-01-29 11:14:12,2,2,2,1,23
2025-01-29 11:14:12,2,2,1,1,21
2025-01-29 11:14:12,2,2,1,1,21
2025-01-29 11:14:13,2,3,1,1,23
2025-01-29 11:14:13,2,2,1,0,20
2025-01-29 11:14:13,2,2,1,0,20
2025-01-29 11:14:13,2,2,2,0,22
2025-01-29 11:14:13,3,2,2,0,24
2025-01-29 11:14:13,3,3,1,0,24
2025-01-29 11:14:13,2,3,1,0,22
2025-01-29 11:14:13,2,2,1,0,20
2025-01-29 11:14:13,2,2,1,0,20
2025-01-29 11:14:13,2,1,1,0,18
2025-01-29 11:14:13,2,1,1,1,19
2025-01-29 11:14:13,2,1,1,0,18
2025-01-29 11:14:14,2,1,2,0,20
2025-01-29 11:14:14,2,1,2,2,22
2025-01-29 11:14:14,2,1,2,1,21
2025-01-29 11:14:14,2,1,2,1,21
2025-01-29 11:14:14,3,1,2,1,23
2025-01-29 11:14:14,3,1,2,1,23
2025-01-29 11:14:14,2,1,2,1,21
2025-01-29 11:14:14,3,1,2,1,23
2025-01-29 11:14:14,2,1,3,0,22
2025-01-29 11:14:14,2,1,2,0,20
2025-01-29 11:14:14,2,1,2,0,20
2025-01-29 11:14:14,2,1,3,0,22
2025-01-29 11:14:15,2,1,2,0,20
2025-01-29 11:14:15,2,1,3,0,22
2025-01-29 11:14:15,3,1,3,0,24
2025-01-29 11:14:15,3,1,3,0,24
2025-01-29 11:14:15,2,1,3,0,22
2025-01-29 11:14:15,2,1,4,0,24
2025-01-29 11:14:15,3,1,4,0,26
2025-01-29 11:14:15,3,1,4,0,26
2025-01-29 11:14:15,2,1,4,0,24
2025-01-29 11:14:15,3,1,4,0,26
2025-01-29 11:14:15,3,1,3,0,24
2025-01-29 11:14:15,3,1,3,0,24
2025-01-29 11:14:15,3,1,3,0,24
2025-01-29 11:14:16,2,1,2,1,21
2025-01-29 11:14:16,2,1,2,1,21
2025-01-29 11:14:16,2,1,3,0,22
2025-01-29 11:14:16,2,1,3,0,22
2025-01-29 11:14:16,2,2,3,0,24
2025-01-29 11:14:16,2,1,2,0,20
2025-01-29 11:14:16,3,2,1,0,22
2025-01-29 11:14:16,2,3,1,0,22
2025-01-29 11:14:16,3,2,1,0,22
2025-01-29 11:14:16,3,2,1,0,22
2025-01-29 11:14:16,3,2,2,0,24
2025-01-29 11:14:16,2,2,2,0,22
2025-01-29 11:14:17,3,2,2,0,24
2025-01-29 11:14:17,3,2,2,0,24
2025-01-29 11:14:17,4,2,1,0,24
2025-01-29 11:14:17,3,2,2,0,24
2025-01-29 11:14:17,3,2,2,0,24
2025-01-29 11:14:17,2,2,2,0,22
2025-01-29 11:14:17,2,1,3,0,22
2025-01-29 11:14:17,2,2,2,0,22
2025-01-29 11:14:17,2,2,3,0,24
2025-01-29 11:14:17,2,2,2,0,22
2025-01-29 11:14:17,2,3,3,0,26
2025-01-29 11:14:17,2,3,3,0,26
2025-01-29 11:14:18,2,3,3,0,26
2025-01-29 11:14:18,2,3,2,0,24
2025-01-29 11:14:18,2,3,2,0,24
2025-01-29 11:14:18,2,3,1,0,22
2025-01-29 11:14:18,2,3,1,0,22
2025-01-29 11:14:18,2,2,2,0,22
2025-01-29 11:14:18,2,1,1,0,18
2025-01-29 11:14:18,2,2,0,0,18
2025-01-29 11:14:18,2,2,0,0,18
2025-01-29 11:14:18,2,2,2,0,22
2025-01-29 11:14:18,2,1,1,0,18
2025-01-29 11:14:18,2,1,1,0,18
2025-01-29 11:14:18,3,2,1,0,22
2025-01-29 11:14:19,2,2,1,0,20
2025-01-29 11:14:19,2,2,1,0,20
2025-01-29 11:14:19,2,1,1,0,18
2025-01-29 11:14:19,2,2,1,0,20
2025-01-29 11:14:19,2,2,1,0,20
2025-01-29 11:14:19,2,1,1,0,18
2025-01-29 11:14:19,2,1,2,0,20
2025-01-29 11:14:19,2,2,2,0,22
2025-01-29 11:14:19,2,2,2,0,22
2025-01-29 11:14:19,2,1,2,0,20
2025-01-29 11:14:19,2,1,2,0,20
2025-01-29 11:14:19,2,1,2,0,20
2025-01-29 11:14:20,2,1,2,0,20
2025-01-29 11:14:20,2,1,2,0,20
2025-01-29 11:14:20,2,1,2,0,20
2025-01-29 11:14:20,2,1,1,0,18
2025-01-29 11:14:20,2,1,2,0,20
2025-01-29 11:14:20,2,1,1,0,18
2025-01-29 11:14:20,2,1,0,0,16
2025-01-29 11:14:20,2,1,0,0,16
2025-01-29 11:14:20,2,1,0,0,16
2025-01-29 11:14:20,2,1,0,0,16
2025-01-29 11:14:20,2,1,0,0,16
2025-01-29 11:14:20,2,1,0,0,16
2025-01-29 11:14:21,3,1,0,0,18
2025-01-29 11:14:21,3,1,0,0,18
2025-01-29 11:14:21,2,1,0,0,16
2025-01-29 11:14:21,2,1,0,0,16
2025-01-29 11:14:21,2,1,0,0,16
2025-01-29 11:14:22,2,1,1,0,18
2025-01-29 11:14:22,2,1,1,0,18
2025-01-29 11:14:22,2,1,1,0,18
2025-01-29 11:14:22,2,1,1,0,18
2025-01-29 11:14:22,2,1,1,0,18
2025-01-29 11:14:23,2,1,0,0,16
2025-01-29 11:14:23,2,1,1,0,18
2025-01-29 11:14:23,2,1,1,0,18
2025-01-29 11:14:23,2,1,2,0,20
2025-01-29 11:14:23,3,1,2,0,22
2025-01-29 11:14:24,2,1,3,0,22
2025-01-29 11:14:24,2,1,3,0,22
2025-01-29 11:14:24,2,1,3,0,22
2025-01-29 11:14:24,2,1,3,0,22
2025-01-29 11:14:24,2,1,2,0,20
2025-01-29 11:14:24,1,1,2,0,18
2025-01-29 11:14:25,2,1,2,0,20
2025-01-29 11:14:25,2,1,2,0,20
2025-01-29 11:14:25,2,1,2,0,20
2025-01-29 11:14:25,2,1,3,0,22
2025-01-29 11:14:25,2,1,3,0,22
2025-01-29 11:14:26,2,1,3,0,22
2025-01-29 11:14:26,2,1,2,0,20
2025-01-29 11:14:26,2,1,2,0,20
2025-01-29 11:14:26,2,1,1,0,18
2025-01-29 11:14:26,2,1,1,0,18
2025-01-29 11:14:27,2,1,1,0,18
2025-01-29 11:14:27,2,1,2,0,20
2025-01-29 11:14:27,2,1,2,0,20
2025-01-29 11:14:27,2,1,1,0,18
2025-01-29 11:14:27,2,1,1,0,18
2025-01-29 11:14:28,2,1,2,0,20
2025-01-29 11:14:28,2,1,1,0,18
2025-01-29 11:14:28,2,1,2,0,20
2025-01-29 11:14:28,2,1,2,0,20
2025-01-29 11:14:28,2,1,1,0,18
2025-01-29 11:14:28,2,1,1,0,18
2025-01-29 11:14:29,2,1,1,0,18
2025-01-29 11:14:29,2,1,2,0,20
2025-01-29 11:14:29,2,1,1,0,18
2025-01-29 11:14:29,2,1,1,0,18
2025-01-29 11:14:29,2,1,1,0,18
2025-01-29 11:14:30,2,1,1,0,18
2025-01-29 11:14:30,2,1,1,0,18
2025-01-29 11:14:30,2,1,1,0,18
2025-01-29 11:14:30,3,1,1,1,21
2025-01-29 11:14:30,2,1,1,0,18
2025-01-29 11:14:31,3,1,1,0,20
2025-01-29 11:14:31,2,0,1,0,16
2025-01-29 11:14:31,3,1,1,0,20
2025-01-29 11:14:31,3,1,0,0,18
2025-01-29 11:14:31,3,1,1,1,21
2025-01-29 11:14:32,3,1,1,0,20
2025-01-29 11:14:32,3,1,1,0,20
2025-01-29 11:14:32,3,1,1,0,20
2025-01-29 11:14:32,3,1,1,0,20
2025-01-29 11:14:32,3,1,1,0,20
2025-01-29 11:14:32,3,1,1,0,20
2025-01-29 11:14:33,3,1,1,0,20
2025-01-29 11:14:33,3,2,1,0,22
2025-01-29 11:14:33,3,2,1,0,22
2025-01-29 11:14:33,3,1,1,0,20
2025-01-29 11:14:33,3,1,1,0,20
2025-01-29 11:14:34,3,1,1,0,20
2025-01-29 11:14:34,2,1,1,0,18
2025-01-29 11:14:34,2,1,2,0,20
2025-01-29 11:14:34,2,1,2,0,20
2025-01-29 11:14:34,3,1,2,0,22
2025-01-29 11:14:35,3,1,2,0,22
2025-01-29 11:14:35,2,1,3,0,22
2025-01-29 11:14:35,2,1,3,0,22
2025-01-29 11:14:35,2,1,3,0,22
2025-01-29 11:14:35,2,1,3,0,22
2025-01-29 11:14:35,1,1,3,0,20
2025-01-29 11:14:36,2,1,3,0,22
2025-01-29 11:14:36,3,1,3,0,24
2025-01-29 11:14:36,3,1,3,0,24
2025-01-29 11:14:36,1,1,3,0,20
2025-01-29 11:14:36,1,1,3,0,20
2025-01-29 11:14:37,2,1,2,0,20
2025-01-29 11:14:37,1,1,3,0,20
2025-01-29 11:14:37,2,1,3,0,22
2025-01-29 11:14:37,3,1,3,0,24
2025-01-29 11:14:37,2,1,2,0,20
2025-01-29 11:14:38,1,1,2,0,18
2025-01-29 11:14:38,1,1,2,0,18
2025-01-29 11:14:38,2,1,2,0,20
2025-01-29 11:14:38,2,1,2,0,20
2025-01-29 11:14:38,2,1,3,0,22
2025-01-29 11:14:39,3,1,2,0,22
2025-01-29 11:14:39,3,1,2,0,22
2025-01-29 11:14:39,2,1,3,0,22
2025-01-29 11:14:39,3,1,3,0,24
2025-01-29 11:14:39,3,1,3,0,24
2025-01-29 11:14:40,2,1,3,0,22
2025-01-29 11:14:40,3,1,2,0,22
2025-01-29 11:14:40,3,1,3,0,24
2025-01-29 11:14:40,3,1,3,0,24
2025-01-29 11:14:40,3,1,3,0,24
2025-01-29 11:14:40,3,1,3,0,24
2025-01-29 11:14:41,3,1,3,0,24
2025-01-29 11:14:41,3,1,3,0,24
2025-01-29 11:14:41,3,1,3,0,24
2025-01-29 11:14:41,3,1,3,0,24
2025-01-29 11:14:41,3,1,3,0,24
2025-01-29 11:14:42,2,1,2,0,20
2025-01-29 11:14:42,2,1,2,0,20
2025-01-29 11:14:42,2,1,2,0,20
2025-01-29 11:14:42,2,1,2,0,20
2025-01-29 11:14:42,2,1,2,0,20
2025-01-29 11:14:43,2,1,2,0,20
2025-01-29 11:14:43,2,1,2,0,20
2025-01-29 11:14:43,2,1,3,0,22
2025-01-29 11:14:43,2,1,2,0,20
2025-01-29 11:14:44,2,1,2,0,20
2025-01-29 11:14:44,2,1,2,0,20
2025-01-29 11:14:44,2,1,3,0,22
2025-01-29 11:14:44,2,1,2,0,20
2025-01-29 11:14:44,2,1,2,0,20
2025-01-29 11:14:44,2,1,2,0,20
2025-01-29 11:14:45,2,1,2,0,20
2025-01-29 11:14:45,2,1,2,0,20
2025-01-29 11:14:45,2,1,2,0,20
2025-01-29 11:14:45,2,1,2,0,20
2025-01-29 11:14:45,2,1,2,0,20
2025-01-29 11:14:45,2,0,2,0,18
2025-01-29 11:14:45,2,0,2,0,18
2025-01-29 11:14:45,2,0,2,0,18
2025-01-29 11:14:45,2,1,2,0,20
2025-01-29 11:14:46,2,1,2,0,20
2025-01-29 11:14:46,2,0,3,0,20
2025-01-29 11:14:46,2,1,3,0,22
2025-01-29 11:14:46,2,1,3,0,22
2025-01-29 11:14:46,2,1,2,0,20
2025-01-29 11:14:46,2,1,2,0,20
2025-01-29 11:14:46,2,1,2,0,20
2025-01-29 11:14:46,2,1,2,0,20
2025-01-29 11:14:46,2,2,3,0,24
2025-01-29 11:14:47,2,2,2,0,22
2025-01-29 11:14:47,2,2,3,0,24
2025-01-29 11:14:47,2,2,3,0,24
2025-01-29 11:14:47,2,1,3,0,22
2025-01-29 11:14:47,2,0,3,0,20
2025-01-29 11:14:47,2,0,3,0,20
2025-01-29 11:14:48,2,0,3,0,20
2025-01-29 11:14:48,2,1,3,0,22
2025-01-29 11:14:48,2,1,3,0,22
2025-01-29 11:14:48,2,1,3,0,22
2025-01-29 11:14:48,2,1,3,0,22
2025-01-29 11:14:48,2,0,2,0,18
2025-01-29 11:14:48,2,1,2,0,20
2025-01-29 11:14:48,2,1,3,0,22
2025-01-29 11:14:48,2,0,3,0,20
2025-01-29 11:14:48,2,0,3,0,20
2025-01-29 11:14:48,2,0,2,0,18
2025-01-29 11:14:49,2,0,2,0,18
2025-01-29 11:14:49,2,1,2,0,20
2025-01-29 11:14:49,2,0,3,0,20
2025-01-29 11:14:49,2,0,3,0,20
2025-01-29 11:14:49,2,0,2,0,18
2025-01-29 11:14:49,2,0,2,0,18
2025-01-29 11:14:49,2,1,2,0,20
2025-01-29 11:14:49,2,1,2,0,20
2025-01-29 11:14:49,2,1,2,0,20
2025-01-29 11:14:49,2,1,2,0,20
2025-01-29 11:14:49,2,1,2,0,20
2025-01-29 11:14:49,2,1,2,0,20
2025-01-29 11:14:50,3,1,2,0,22
2025-01-29 11:14:50,3,1,2,0,22
2025-01-29 11:14:50,3,1,2,0,22
2025-01-29 11:14:50,3,1,0,0,18
2025-01-29 11:14:50,3,1,0,0,18
2025-01-29 11:14:50,3,1,0,0,18
2025-01-29 11:14:50,3,1,0,0,18
2025-01-29 11:14:50,3,1,0,0,18
2025-01-29 11:14:50,3,1,0,0,18
2025-01-29 11:14:50,3,1,0,0,18
2025-01-29 11:14:50,3,1,0,0,18
2025-01-29 11:14:50,3,1,0,0,18
2025-01-29 11:14:51,3,1,0,0,18
2025-01-29 11:14:51,3,1,0,0,18
2025-01-29 11:14:51,3,1,0,0,18
2025-01-29 11:14:51,3,1,1,0,20
2025-01-29 11:14:51,3,1,1,0,20
2025-01-29 11:14:51,3,1,2,0,22
2025-01-29 11:14:51,3,1,2,0,22
2025-01-29 11:14:51,3,1,2,0,22
2025-01-29 11:14:51,3,1,2,0,22
2025-01-29 11:14:51,3,0,2,0,20
2025-01-29 11:14:51,3,1,2,0,22
2025-01-29 11:14:51,3,1,3,0,24
2025-01-29 11:14:51,3,1,3,0,24
2025-01-29 11:14:52,3,1,2,0,22
2025-01-29 11:14:52,3,1,2,0,22
2025-01-29 11:14:52,2,1,2,0,20
2025-01-29 11:14:52,3,1,2,0,22
2025-01-29 11:14:52,3,1,2,0,22
2025-01-29 11:14:52,3,1,2,0,22
2025-01-29 11:14:52,3,1,1,0,20
2025-01-29 11:14:52,3,1,2,0,22
2025-01-29 11:14:52,3,1,2,0,22
2025-01-29 11:14:52,3,1,1,0,20
2025-01-29 11:14:52,3,1,2,0,22
2025-01-29 11:14:53,3,1,2,0,22
2025-01-29 11:14:53,3,1,2,0,22
2025-01-29 11:14:53,3,1,2,0,22
2025-01-29 11:14:53,3,1,2,0,22
2025-01-29 11:14:53,3,1,2,0,22
2025-01-29 11:14:53,3,1,2,0,22
2025-01-29 11:14:53,3,1,2,0,22
2025-01-29 11:14:53,3,1,2,0,22
2025-01-29 11:14:53,3,1,2,0,22
2025-01-29 11:14:53,3,1,2,0,22
2025-01-29 11:14:53,3,1,2,0,22
2025-01-29 11:14:53,3,1,2,0,22
2025-01-29 11:14:53,3,1,2,0,22
2025-01-29 11:14:54,3,1,2,0,22
2025-01-29 11:14:54,3,1,2,0,22
2025-01-29 11:14:54,3,1,2,0,22
2025-01-29 11:14:54,3,1,1,0,20
2025-01-29 11:14:54,3,1,2,0,22
2025-01-29 11:14:54,3,1,2,0,22
2025-01-29 11:14:54,3,1,2,0,22
2025-01-29 11:14:54,3,1,2,0,22
2025-01-29 11:14:54,3,1,2,0,22
2025-01-29 11:14:54,3,1,2,0,22
2025-01-29 11:14:54,3,1,2,0,22
2025-01-29 11:14:55,3,1,2,0,22
2025-01-29 11:14:55,3,1,2,0,22
2025-01-29 11:14:55,3,1,2,0,22
2025-01-29 11:14:55,3,1,2,0,22
2025-01-29 11:14:55,3,1,2,0,22
2025-01-29 11:14:55,3,1,1,0,20
2025-01-29 11:14:55,3,1,1,0,20
2025-01-29 11:14:55,3,1,1,0,20
2025-01-29 11:14:55,3,1,1,0,20
2025-01-29 11:14:55,3,1,1,0,20
2025-01-29 11:14:55,3,1,1,0,20
2025-01-29 11:14:55,3,1,1,0,20
2025-01-29 11:14:55,3,1,1,0,20
2025-01-29 11:14:56,3,1,1,0,20
2025-01-29 11:14:56,3,1,1,0,20
2025-01-29 11:14:56,3,1,1,0,20
2025-01-29 11:14:56,3,1,1,0,20
2025-01-29 11:14:56,3,1,1,0,20
2025-01-29 11:14:56,3,1,1,0,20
2025-01-29 11:14:56,3,1,1,0,20
2025-01-29 11:14:56,3,1,1,0,20
2025-01-29 11:14:56,3,1,1,0,20
2025-01-29 11:14:56,3,1,1,0,20
2025-01-29 11:14:56,3,1,1,0,20
2025-01-29 11:14:56,3,1,1,0,20
2025-01-29 11:14:57,3,1,1,0,20
2025-01-29 11:14:57,3,1,1,0,20
2025-01-29 11:14:57,3,1,1,0,20
2025-01-29 11:14:57,3,1,1,0,20
2025-01-29 11:14:57,3,1,1,0,20
2025-01-29 11:14:57,3,1,1,0,20
2025-01-29 11:14:57,3,1,1,0,20
2025-01-29 11:14:57,3,1,1,0,20
2025-01-29 11:14:57,3,1,1,0,20
2025-01-29 11:14:57,3,1,1,0,20
2025-01-29 11:14:57,3,1,1,0,20
2025-01-29 11:14:57,3,1,1,0,20
2025-01-29 11:14:57,3,1,0,0,18
2025-01-29 11:14:58,3,1,0,0,18
2025-01-29 11:14:58,3,1,0,0,18
2025-01-29 11:14:58,3,1,0,0,18
2025-01-29 11:14:58,3,1,1,0,20
2025-01-29 11:14:58,3,1,1,0,20
2025-01-29 11:14:58,3,1,1,0,20
2025-01-29 11:14:58,3,1,1,0,20
2025-01-29 11:14:58,3,1,1,0,20
2025-01-29 11:14:58,3,1,2,0,22
2025-01-29 11:14:58,3,1,2,0,22
2025-01-29 11:14:58,3,1,1,0,20
2025-01-29 11:14:58,3,1,1,0,20
2025-01-29 11:14:58,3,1,2,0,22
2025-01-29 11:14:59,3,1,2,0,22
2025-01-29 11:14:59,3,1,2,0,22
2025-01-29 11:14:59,3,1,2,0,22
2025-01-29 11:14:59,3,1,2,0,22
2025-01-29 11:14:59,3,1,2,0,22
2025-01-29 11:14:59,3,1,1,0,20
2025-01-29 11:14:59,3,1,1,0,20
2025-01-29 11:14:59,3,1,1,0,20
2025-01-29 11:14:59,3,1,1,0,20
2025-01-29 11:14:59,3,1,1,0,20
2025-01-29 11:14:59,3,1,1,0,20
2025-01-29 11:14:59,3,1,1,0,20
2025-01-29 11:14:59,3,1,1,0,20
2025-01-29 11:15:00,3,1,1,0,20
2025-01-29 11:15:00,3,1,1,0,20
2025-01-29 11:15:00,3,1,1,0,20
2025-01-29 11:15:00,3,1,1,0,20
2025-01-29 11:15:00,3,1,1,0,20
2025-01-29 11:15:00,3,1,1,0,20
2025-01-29 11:15:00,3,1,1,0,20
2025-01-29 11:15:00,3,1,1,0,20
2025-01-29 11:15:00,3,1,1,0,20
2025-01-29 11:15:00,3,1,1,0,20
2025-01-29 11:15:00,3,1,1,0,20
2025-01-29 11:15:00,3,1,1,0,20
2025-01-29 11:15:01,3,1,2,0,22
2025-01-29 11:15:01,3,1,1,0,20
2025-01-29 11:15:01,3,1,1,0,20
2025-01-29 11:15:01,3,1,1,0,20
2025-01-29 11:15:01,3,1,1,0,20
2025-01-29 11:15:01,2,1,2,0,20
2025-01-29 11:15:01,3,1,2,0,22
2025-01-29 11:15:01,2,1,2,0,20
2025-01-29 11:15:01,3,0,2,0,20
2025-01-29 11:15:01,3,0,2,0,20
2025-01-29 11:15:01,3,0,2,0,20
2025-01-29 11:15:01,3,0,2,0,20
2025-01-29 11:15:01,3,0,2,0,20
2025-01-29 11:15:02,3,0,2,0,20
2025-01-29 11:15:02,3,0,2,0,20
2025-01-29 11:15:02,3,0,2,0,20
2025-01-29 11:15:02,2,0,2,0,18
2025-01-29 11:15:02,3,0,2,0,20
2025-01-29 11:15:02,2,0,2,0,18
2025-01-29 11:15:02,3,0,2,0,20
2025-01-29 11:15:02,3,0,2,0,20
2025-01-29 11:15:02,3,0,2,0,20
2025-01-29 11:15:02,3,1,1,0,20
2025-01-29 11:15:02,3,0,1,0,18
2025-01-29 11:15:02,3,0,1,0,18
2025-01-29 11:15:03,3,0,1,0,18
2025-01-29 11:15:03,3,0,1,0,18
2025-01-29 11:15:03,3,0,1,0,18
2025-01-29 11:15:03,3,0,1,0,18
2025-01-29 11:15:03,3,0,1,0,18
2025-01-29 11:15:03,3,0,1,0,18
2025-01-29 11:15:03,3,0,1,0,18
2025-01-29 11:15:03,3,0,1,0,18
2025-01-29 11:15:03,3,0,1,0,18
2025-01-29 11:15:03,3,0,1,0,18
2025-01-29 11:15:03,3,0,2,0,20
2025-01-29 11:15:03,2,0,2,0,18
2025-01-29 11:15:04,2,0,2,0,18
2025-01-29 11:15:04,2,0,2,0,18
2025-01-29 11:15:04,2,1,2,0,20
2025-01-29 11:15:04,2,1,2,0,20
2025-01-29 11:15:04,2,0,2,0,18
2025-01-29 11:15:04,2,0,2,0,18
2025-01-29 11:15:04,2,1,2,0,20
2025-01-29 11:15:04,2,1,2,0,20
2025-01-29 11:15:04,2,1,2,0,20
2025-01-29 11:15:04,2,1,2,0,20
2025-01-29 11:15:04,3,1,2,0,22
2025-01-29 11:15:04,3,1,1,0,20
2025-01-29 11:15:05,3,1,1,0,20
2025-01-29 11:15:05,3,1,1,0,20
2025-01-29 11:15:05,3,1,1,0,20
2025-01-29 11:15:05,2,1,1,0,18
2025-01-29 11:15:05,2,1,1,0,18
2025-01-29 11:15:05,2,1,1,0,18
2025-01-29 11:15:05,2,1,1,0,18
2025-01-29 11:15:05,2,1,1,0,18
2025-01-29 11:15:05,2,1,1,0,18
2025-01-29 11:15:05,2,1,1,0,18
2025-01-29 11:15:05,2,1,1,0,18
2025-01-29 11:15:05,2,1,1,0,18
2025-01-29 11:15:06,3,0,1,0,18
2025-01-29 11:15:06,3,0,1,0,18
2025-01-29 11:15:06,3,0,0,0,16
2025-01-29 11:15:06,3,0,1,0,18
2025-01-29 11:15:06,3,0,2,0,20
2025-01-29 11:15:06,3,0,2,0,20
2025-01-29 11:15:06,3,0,2,0,20
2025-01-29 11:15:06,2,0,2,0,18
2025-01-29 11:15:06,2,0,1,0,16
2025-01-29 11:15:06,2,0,1,0,16
2025-01-29 11:15:06,2,0,1,0,16
2025-01-29 11:15:06,2,1,1,0,18
2025-01-29 11:15:06,2,0,1,0,16
2025-01-29 11:15:07,2,0,1,0,16
2025-01-29 11:15:07,2,0,1,0,16
2025-01-29 11:15:33,4,1,2,0,24
2025-01-29 11:15:33,4,1,0,0,20
2025-01-29 11:15:33,3,1,0,0,18
2025-01-29 11:15:33,3,1,1,0,20
2025-01-29 11:15:33,3,1,0,0,18
2025-01-29 11:15:33,3,1,1,0,20
2025-01-29 11:15:33,4,1,1,0,22
2025-01-29 11:15:34,3,1,1,0,20
2025-01-29 11:15:34,5,1,0,0,22
2025-01-29 11:15:34,5,1,0,0,22
2025-01-29 11:15:34,4,1,0,0,20
2025-01-29 11:15:34,3,1,0,0,18
2025-01-29 11:15:34,3,1,1,0,20
2025-01-29 11:15:34,2,1,2,0,20
2025-01-29 11:15:34,2,1,2,0,20
2025-01-29 11:15:34,2,1,2,0,20
2025-01-29 11:15:34,2,2,2,0,22
2025-01-29 11:15:35,2,3,2,0,24
2025-01-29 11:15:35,2,2,1,0,20
2025-01-29 11:15:35,2,1,2,0,20
2025-01-29 11:15:35,2,1,2,0,20
2025-01-29 11:15:35,2,2,2,1,23
2025-01-29 11:15:35,2,2,2,1,23
2025-01-29 11:15:35,2,2,1,1,21
2025-01-29 11:15:35,2,2,1,1,21
2025-01-29 11:15:35,2,3,1,1,23
2025-01-29 11:15:35,2,2,1,0,20
2025-01-29 11:15:35,2,2,1,0,20
2025-01-29 11:15:36,2,2,2,0,22
2025-01-29 11:15:36,3,2,2,0,24
2025-01-29 11:15:36,3,3,1,0,24
2025-01-29 11:15:36,2,3,1,0,22
2025-01-29 11:15:36,2,2,1,0,20
2025-01-29 11:15:36,2,2,1,0,20
2025-01-29 11:15:36,2,1,1,0,18
2025-01-29 11:15:36,2,1,1,1,19
2025-01-29 11:15:36,2,1,1,0,18
2025-01-29 11:15:36,2,1,2,0,20
2025-01-29 11:15:36,2,1,2,2,22
2025-01-29 11:15:36,2,1,2,1,21
2025-01-29 11:15:36,2,1,2,1,21
2025-01-29 11:15:37,3,1,2,1,23
2025-01-29 11:15:37,3,1,2,1,23
2025-01-29 11:15:37,2,1,2,1,21
2025-01-29 11:15:37,3,1,2,1,23
2025-01-29 11:15:37,2,1,3,0,22
2025-01-29 11:15:37,2,1,2,0,20
2025-01-29 11:15:37,2,1,2,0,20
2025-01-29 11:15:37,2,1,3,0,22
2025-01-29 11:15:37,2,1,2,0,20
2025-01-29 11:15:37,2,1,3,0,22
2025-01-29 11:15:37,3,1,3,0,24
2025-01-29 11:15:37,3,1,3,0,24
2025-01-29 11:15:38,2,1,3,0,22
2025-01-29 11:15:38,2,1,4,0,24
2025-01-29 11:15:38,3,1,4,0,26
2025-01-29 11:15:38,3,1,4,0,26
2025-01-29 11:15:38,2,1,4,0,24
2025-01-29 11:15:38,3,1,4,0,26
2025-01-29 11:15:38,3,1,3,0,24
2025-01-29 11:15:38,3,1,3,0,24
2025-01-29 11:15:38,3,1,3,0,24
2025-01-29 11:15:38,2,1,2,1,21
2025-01-29 11:15:38,2,1,2,1,21
2025-01-29 11:15:38,2,1,3,0,22
2025-01-29 11:15:39,2,1,3,0,22
2025-01-29 11:15:39,2,2,3,0,24
2025-01-29 11:15:39,2,1,2,0,20
2025-01-29 11:15:39,3,2,1,0,22
2025-01-29 11:15:39,2,3,1,0,22
2025-01-29 11:15:39,3,2,1,0,22
2025-01-29 11:15:39,3,2,1,0,22
2025-01-29 11:15:39,3,2,2,0,24
2025-01-29 11:15:39,2,2,2,0,22
2025-01-29 11:15:39,3,2,2,0,24
2025-01-29 11:15:39,3,2,2,0,24
2025-01-29 11:15:39,4,2,1,0,24
2025-01-29 11:15:39,3,2,2,0,24
2025-01-29 11:15:40,3,2,2,0,24
2025-01-29 11:15:40,2,2,2,0,22
2025-01-29 11:15:40,2,1,3,0,22
2025-01-29 11:15:40,2,2,2,0,22
2025-01-29 11:15:40,2,2,3,0,24
2025-01-29 11:15:40,2,2,2,0,22
2025-01-29 11:15:40,2,3,3,0,26
2025-01-29 11:15:40,2,3,3,0,26
2025-01-29 11:15:40,2,3,3,0,26
2025-01-29 11:15:40,2,3,2,0,24
2025-01-29 11:15:40,2,3,2,0,24
2025-01-29 11:15:40,2,3,1,0,22
2025-01-29 11:15:41,2,3,1,0,22
2025-01-29 11:15:41,2,2,2,0,22
2025-01-29 11:15:41,2,1,1,0,18
2025-01-29 11:15:41,2,2,0,0,18
2025-01-29 11:15:41,2,2,0,0,18
2025-01-29 11:15:41,2,2,2,0,22
2025-01-29 11:15:41,2,1,1,0,18
2025-01-29 11:15:41,2,1,1,0,18
2025-01-29 11:15:41,3,2,1,0,22
2025-01-29 11:15:41,2,2,1,0,20
2025-01-29 11:15:41,2,2,1,0,20
2025-01-29 11:15:41,2,1,1,0,18
2025-01-29 11:15:42,2,2,1,0,20
2025-01-29 11:15:42,2,2,1,0,20
2025-01-29 11:15:42,2,1,1,0,18
2025-01-29 11:15:42,2,1,2,0,20
2025-01-29 11:15:42,2,2,2,0,22
2025-01-29 11:15:42,2,2,2,0,22
2025-01-29 11:15:42,2,1,2,0,20
2025-01-29 11:15:42,2,1,2,0,20
2025-01-29 11:15:42,2,1,2,0,20
2025-01-29 11:15:42,2,1,2,0,20
2025-01-29 11:15:42,2,1,2,0,20
2025-01-29 11:15:42,2,1,2,0,20
2025-01-29 11:15:42,2,1,1,0,18
2025-01-29 11:15:43,2,1,2,0,20
2025-01-29 11:15:43,2,1,1,0,18
2025-01-29 11:15:43,2,1,0,0,16
2025-01-29 11:15:43,2,1,0,0,16
2025-01-29 11:15:43,2,1,0,0,16
2025-01-29 11:15:43,2,1,0,0,16
2025-01-29 11:15:43,2,1,0,0,16
2025-01-29 11:15:43,2,1,0,0,16
2025-01-29 11:15:43,3,1,0,0,18
2025-01-29 11:15:43,3,1,0,0,18
2025-01-29 11:15:43,2,1,0,0,16
2025-01-29 11:15:43,2,1,0,0,16
2025-01-29 11:15:44,2,1,0,0,16
2025-01-29 11:15:44,2,1,1,0,18
2025-01-29 11:15:44,2,1,1,0,18
2025-01-29 11:15:44,2,1,1,0,18
2025-01-29 11:15:44,2,1,1,0,18
2025-01-29 11:15:44,2,1,1,0,18
2025-01-29 11:15:44,2,1,0,0,16
2025-01-29 11:15:44,2,1,1,0,18
2025-01-29 11:15:44,2,1,1,0,18
2025-01-29 11:15:44,2,1,2,0,20
2025-01-29 11:15:44,3,1,2,0,22
2025-01-29 11:15:44,2,1,3,0,22
2025-01-29 11:15:45,2,1,3,0,22
2025-01-29 11:15:45,2,1,3,0,22
2025-01-29 11:15:45,2,1,3,0,22
2025-01-29 11:15:45,2,1,2,0,20
2025-01-29 11:15:45,1,1,2,0,18
2025-01-29 11:15:45,2,1,2,0,20
2025-01-29 11:15:45,2,1,2,0,20
2025-01-29 11:15:45,2,1,2,0,20
2025-01-29 11:15:45,2,1,3,0,22
2025-01-29 11:15:45,2,1,3,0,22
2025-01-29 11:15:45,2,1,3,0,22
2025-01-29 11:15:45,2,1,2,0,20
2025-01-29 11:15:46,2,1,2,0,20
2025-01-29 11:15:46,2,1,1,0,18
2025-01-29 11:15:46,2,1,1,0,18
2025-01-29 11:15:46,2,1,1,0,18
2025-01-29 11:15:46,2,1,2,0,20
2025-01-29 11:15:46,2,1,2,0,20
2025-01-29 11:15:46,2,1,1,0,18
2025-01-29 11:15:46,2,1,1,0,18
2025-01-29 11:15:46,2,1,2,0,20
2025-01-29 11:15:46,2,1,1,0,18
2025-01-29 11:15:46,2,1,2,0,20
2025-01-29 11:15:46,2,1,2,0,20
2025-01-29 11:15:47,2,1,1,0,18
2025-01-29 11:15:47,2,1,1,0,18
2025-01-29 11:15:47,2,1,1,0,18
2025-01-29 11:15:47,2,1,2,0,20
2025-01-29 11:15:47,2,1,1,0,18
2025-01-29 11:15:47,2,1,1,0,18
2025-01-29 11:15:47,2,1,1,0,18
2025-01-29 11:15:47,2,1,1,0,18
2025-01-29 11:15:47,2,1,1,0,18
2025-01-29 11:15:47,2,1,1,0,18
2025-01-29 11:15:47,3,1,1,1,21
2025-01-29 11:15:47,2,1,1,0,18
2025-01-29 11:15:48,3,1,1,0,20
2025-01-29 11:15:48,2,0,1,0,16
2025-01-29 11:15:48,3,1,1,0,20
2025-01-29 11:15:48,3,1,0,0,18
2025-01-29 11:15:48,3,1,1,1,21
2025-01-29 11:15:48,3,1,1,0,20
2025-01-29 11:15:48,3,1,1,0,20
2025-01-29 11:15:48,3,1,1,0,20
2025-01-29 11:15:48,3,1,1,0,20
2025-01-29 11:15:48,3,1,1,0,20
2025-01-29 11:15:48,3,1,1,0,20
2025-01-29 11:15:48,3,1,1,0,20
2025-01-29 11:15:48,3,2,1,0,22
2025-01-29 11:15:49,3,2,1,0,22
2025-01-29 11:15:49,3,1,1,0,20
2025-01-29 11:15:49,3,1,1,0,20
2025-01-29 11:15:49,3,1,1,0,20
2025-01-29 11:15:49,2,1,1,0,18
2025-01-29 11:15:49,2,1,2,0,20
2025-01-29 11:15:49,2,1,2,0,20
2025-01-29 11:15:49,3,1,2,0,22
2025-01-29 11:15:49,3,1,2,0,22
2025-01-29 11:15:49,2,1,3,0,22
2025-01-29 11:15:49,2,1,3,0,22
2025-01-29 11:15:49,2,1,3,0,22
2025-01-29 11:15:50,2,1,3,0,22
2025-01-29 11:15:50,1,1,3,0,20
2025-01-29 11:15:50,2,1,3,0,22
2025-01-29 11:15:50,3,1,3,0,24
2025-01-29 11:15:50,3,1,3,0,24
2025-01-29 11:15:50,1,1,3,0,20
2025-01-29 11:15:50,1,1,3,0,20
2025-01-29 11:15:50,2,1,2,0,20
2025-01-29 11:15:50,1,1,3,0,20
2025-01-29 11:15:50,2,1,3,0,22
2025-01-29 11:15:50,3,1,3,0,24
2025-01-29 11:15:50,2,1,2,0,20
2025-01-29 11:15:50,1,1,2,0,18
2025-01-29 11:15:51,1,1,2,0,18
2025-01-29 11:15:51,2,1,2,0,20
2025-01-29 11:15:51,2,1,2,0,20
2025-01-29 11:15:51,2,1,3,0,22
2025-01-29 11:15:51,3,1,2,0,22
2025-01-29 11:15:51,3,1,2,0,22
2025-01-29 11:15:51,2,1,3,0,22
2025-01-29 11:15:51,3,1,3,0,24
2025-01-29 11:15:51,3,1,3,0,24
2025-01-29 11:15:51,2,1,3,0,22
2025-01-29 11:15:51,3,1,2,0,22
2025-01-29 11:15:51,3,1,3,0,24
2025-01-29 11:15:52,3,1,3,0,24
2025-01-29 11:15:52,3,1,3,0,24
2025-01-29 11:15:52,3,1,3,0,24
2025-01-29 11:15:52,3,1,3,0,24
2025-01-29 11:15:52,3,1,3,0,24
2025-01-29 11:15:52,3,1,3,0,24
2025-01-29 11:15:52,3,1,3,0,24
2025-01-29 11:15:52,3,1,3,0,24
2025-01-29 11:15:52,2,1,2,0,20
2025-01-29 11:15:52,2,1,2,0,20
2025-01-29 11:15:52,2,1,2,0,20
2025-01-29 11:15:52,2,1,2,0,20
2025-01-29 11:15:53,2,1,2,0,20
2025-01-29 11:15:53,2,1,2,0,20
2025-01-29 11:15:53,2,1,2,0,20
2025-01-29 11:15:53,2,1,3,0,22
2025-01-29 11:15:53,2,1,2,0,20
2025-01-29 11:15:53,2,1,2,0,20
2025-01-29 11:15:53,2,1,2,0,20
2025-01-29 11:15:53,2,1,3,0,22
2025-01-29 11:15:53,2,1,2,0,20
2025-01-29 11:15:53,2,1,2,0,20
2025-01-29 11:15:53,2,1,2,0,20
2025-01-29 11:15:53,2,1,2,0,20
2025-01-29 11:15:53,2,1,2,0,20
2025-01-29 11:15:54,2,1,2,0,20
2025-01-29 11:15:54,2,1,2,0,20
2025-01-29 11:15:54,2,1,2,0,20
2025-01-29 11:15:54,2,0,2,0,18
2025-01-29 11:15:54,2,0,2,0,18
2025-01-29 11:15:54,2,0,2,0,18
2025-01-29 11:15:54,2,1,2,0,20
2025-01-29 11:15:54,2,1,2,0,20
2025-01-29 11:15:54,2,0,3,0,20
2025-01-29 11:15:54,2,1,3,0,22
2025-01-29 11:15:54,2,1,3,0,22
2025-01-29 11:15:54,2,1,2,0,20
2025-01-29 11:15:54,2,1,2,0,20
2025-01-29 11:15:55,2,1,2,0,20
2025-01-29 11:15:55,2,1,2,0,20
2025-01-29 11:15:55,2,2,3,0,24
2025-01-29 11:15:55,2,2,2,0,22
2025-01-29 11:15:55,2,2,3,0,24
2025-01-29 11:15:55,2,2,3,0,24
2025-01-29 11:15:55,2,1,3,0,22
2025-01-29 11:15:55,2,0,3,0,20
2025-01-29 11:15:55,2,0,3,0,20
2025-01-29 11:15:55,2,0,3,0,20
2025-01-29 11:15:55,2,1,3,0,22
2025-01-29 11:15:56,2,1,3,0,22
2025-01-29 11:15:56,2,1,3,0,22
2025-01-29 11:15:56,2,1,3,0,22
2025-01-29 11:15:56,2,0,2,0,18
2025-01-29 11:15:56,2,1,2,0,20
2025-01-29 11:15:56,2,1,3,0,22
2025-01-29 11:15:56,2,0,3,0,20
2025-01-29 11:15:56,2,0,3,0,20
2025-01-29 11:15:56,2,0,2,0,18
2025-01-29 11:15:56,2,0,2,0,18
2025-01-29 11:15:56,2,1,2,0,20
2025-01-29 11:15:56,2,0,3,0,20
2025-01-29 11:15:57,2,0,3,0,20
2025-01-29 11:15:57,2,0,2,0,18
2025-01-29 11:15:57,2,0,2,0,18
2025-01-29 11:15:57,2,1,2,0,20
2025-01-29 11:15:57,2,1,2,0,20
2025-01-29 11:15:57,2,1,2,0,20
2025-01-29 11:15:57,2,1,2,0,20
2025-01-29 11:15:57,2,1,2,0,20
2025-01-29 11:15:57,2,1,2,0,20
2025-01-29 11:15:57,3,1,2,0,22
2025-01-29 11:15:57,3,1,2,0,22
2025-01-29 11:15:57,3,1,2,0,22
2025-01-29 11:15:57,3,1,0,0,18
2025-01-29 11:15:58,3,1,0,0,18
2025-01-29 11:15:58,3,1,0,0,18
2025-01-29 11:15:58,3,1,0,0,18
2025-01-29 11:15:58,3,1,0,0,18
2025-01-29 11:15:58,3,1,0,0,18
2025-01-29 11:15:58,3,1,0,0,18
2025-01-29 11:15:58,3,1,0,0,18
2025-01-29 11:15:58,3,1,0,0,18
2025-01-29 11:15:58,3,1,0,0,18
2025-01-29 11:15:58,3,1,0,0,18
2025-01-29 11:15:58,3,1,0,0,18
2025-01-29 11:15:58,3,1,1,0,20
2025-01-29 11:15:58,3,1,1,0,20
2025-01-29 11:15:59,3,1,2,0,22
2025-01-29 11:15:59,3,1,2,0,22
2025-01-29 11:15:59,3,1,2,0,22
2025-01-29 11:15:59,3,1,2,0,22
2025-01-29 11:15:59,3,0,2,0,20
2025-01-29 11:15:59,3,1,2,0,22
2025-01-29 11:15:59,3,1,3,0,24
2025-01-29 11:15:59,3,1,3,0,24
2025-01-29 11:15:59,3,1,2,0,22
2025-01-29 11:15:59,3,1,2,0,22
2025-01-29 11:15:59,2,1,2,0,20
2025-01-29 11:15:59,3,1,2,0,22
2025-01-29 11:16:00,3,1,2,0,22
2025-01-29 11:16:00,3,1,2,0,22
2025-01-29 11:16:00,3,1,1,0,20
2025-01-29 11:16:00,3,1,2,0,22
2025-01-29 11:16:00,3,1,2,0,22
2025-01-29 11:16:00,3,1,1,0,20
2025-01-29 11:16:00,3,1,2,0,22
2025-01-29 11:16:00,3,1,2,0,22
2025-01-29 11:16:00,3,1,2,0,22
2025-01-29 11:16:00,3,1,2,0,22
2025-01-29 11:16:00,3,1,2,0,22
2025-01-29 11:16:00,3,1,2,0,22
2025-01-29 11:16:00,3,1,2,0,22
2025-01-29 11:16:01,3,1,2,0,22
2025-01-29 11:16:01,3,1,2,0,22
2025-01-29 11:16:01,3,1,2,0,22
2025-01-29 11:16:01,3,1,2,0,22
2025-01-29 11:16:01,3,1,2,0,22
2025-01-29 11:16:01,3,1,2,0,22
2025-01-29 11:16:01,3,1,2,0,22
2025-01-29 11:16:01,3,1,2,0,22
2025-01-29 11:16:01,3,1,2,0,22
2025-01-29 11:16:01,3,1,2,0,22
2025-01-29 11:16:01,3,1,1,0,20
2025-01-29 11:16:01,3,1,2,0,22
2025-01-29 11:16:02,3,1,2,0,22
2025-01-29 11:16:02,3,1,2,0,22
2025-01-29 11:16:02,3,1,2,0,22
2025-01-29 11:16:02,3,1,2,0,22
2025-01-29 11:16:02,3,1,2,0,22
2025-01-29 11:16:02,3,1,2,0,22
2025-01-29 11:16:02,3,1,2,0,22
2025-01-29 11:16:02,3,1,2,0,22
2025-01-29 11:16:02,3,1,2,0,22
2025-01-29 11:16:02,3,1,2,0,22
2025-01-29 11:16:02,3,1,2,0,22
2025-01-29 11:16:02,3,1,1,0,20
2025-01-29 11:16:02,3,1,1,0,20
2025-01-29 11:16:03,3,1,1,0,20
2025-01-29 11:16:03,3,1,1,0,20
2025-01-29 11:16:03,3,1,1,0,20
2025-01-29 11:16:03,3,1,1,0,20
2025-01-29 11:16:03,3,1,1,0,20
2025-01-29 11:16:03,3,1,1,0,20
2025-01-29 11:16:03,3,1,1,0,20
2025-01-29 11:16:03,3,1,1,0,20
2025-01-29 11:16:03,3,1,1,0,20
2025-01-29 11:16:03,3,1,1,0,20
2025-01-29 11:16:03,3,1,1,0,20
2025-01-29 11:16:03,3,1,1,0,20
2025-01-29 11:16:04,3,1,1,0,20
2025-01-29 11:16:04,3,1,1,0,20
2025-01-29 11:16:04,3,1,1,0,20
2025-01-29 11:16:04,3,1,1,0,20
2025-01-29 11:16:04,3,1,1,0,20
2025-01-29 11:16:04,3,1,1,0,20
2025-01-29 11:16:04,3,1,1,0,20
2025-01-29 11:16:04,3,1,1,0,20
2025-01-29 11:16:04,3,1,1,0,20
2025-01-29 11:16:04,3,1,1,0,20
2025-01-29 11:16:04,3,1,1,0,20
2025-01-29 11:16:04,3,1,1,0,20
2025-01-29 11:16:04,3,1,1,0,20
2025-01-29 11:16:05,3,1,1,0,20
2025-01-29 11:16:05,3,1,1,0,20
2025-01-29 11:16:05,3,1,1,0,20
2025-01-29 11:16:05,3,1,1,0,20
2025-01-29 11:16:05,3,1,1,0,20
2025-01-29 11:16:05,3,1,0,0,18
2025-01-29 11:16:05,3,1,0,0,18
2025-01-29 11:16:05,3,1,0,0,18
2025-01-29 11:16:05,3,1,0,0,18
2025-01-29 11:16:05,3,1,1,0,20
2025-01-29 11:16:05,3,1,1,0,20
2025-01-29 11:16:05,3,1,1,0,20
2025-01-29 11:16:06,3,1,1,0,20
2025-01-29 11:16:06,3,1,1,0,20
2025-01-29 11:16:06,3,1,2,0,22
2025-01-29 11:16:06,3,1,2,0,22
2025-01-29 11:16:06,3,1,1,0,20
2025-01-29 11:16:06,3,1,1,0,20
2025-01-29 11:16:06,3,1,2,0,22
2025-01-29 11:16:06,3,1,2,0,22
2025-01-29 11:16:06,3,1,2,0,22
2025-01-29 11:16:06,3,1,2,0,22
2025-01-29 11:16:07,3,1,2,0,22
2025-01-29 11:16:07,3,1,2,0,22
2025-01-29 11:16:07,3,1,1,0,20
2025-01-29 11:16:07,3,1,1,0,20
2025-01-29 11:16:07,3,1,1,0,20
2025-01-29 11:16:07,3,1,1,0,20
2025-01-29 11:16:07,3,1,1,0,20
2025-01-29 11:16:07,3,1,1,0,20
2025-01-29 11:16:08,3,1,1,0,20
2025-01-29 11:16:08,3,1,1,0,20
2025-01-29 11:16:08,3,1,1,0,20
2025-01-29 11:16:08,3,1,1,0,20
2025-01-29 11:16:08,3,1,1,0,20
2025-01-29 11:16:08,3,1,1,0,20
2025-01-29 11:16:08,3,1,1,0,20
2025-01-29 11:16:08,3,1,1,0,20
2025-01-29 11:16:09,3,1,1,0,20
2025-01-29 11:16:09,3,1,1,0,20
2025-01-29 11:16:09,3,1,1,0,20
2025-01-29 11:16:09,3,1,1,0,20
2025-01-29 11:16:09,3,1,1,0,20
2025-01-29 11:16:09,3,1,1,0,20
2025-01-29 11:16:09,3,1,2,0,22
2025-01-29 11:16:09,3,1,1,0,20
2025-01-29 11:16:09,3,1,1,0,20
2025-01-29 11:16:09,3,1,1,0,20
2025-01-29 11:16:10,3,1,1,0,20
2025-01-29 11:16:10,2,1,2,0,20
2025-01-29 11:16:10,3,1,2,0,22
2025-01-29 11:16:10,2,1,2,0,20
2025-01-29 11:16:10,3,0,2,0,20
2025-01-29 11:16:10,3,0,2,0,20
2025-01-29 11:16:10,3,0,2,0,20
2025-01-29 11:16:10,3,0,2,0,20
2025-01-29 11:16:10,3,0,2,0,20
2025-01-29 11:16:10,3,0,2,0,20
2025-01-29 11:16:10,3,0,2,0,20
2025-01-29 11:16:11,3,0,2,0,20
2025-01-29 11:16:11,2,0,2,0,18
2025-01-29 11:16:11,3,0,2,0,20
2025-01-29 11:16:11,2,0,2,0,18
2025-01-29 11:16:11,3,0,2,0,20
2025-01-29 11:16:11,3,0,2,0,20
2025-01-29 11:16:11,3,0,2,0,20
2025-01-29 11:16:11,3,1,1,0,20
2025-01-29 11:16:11,3,0,1,0,18
2025-01-29 11:16:11,3,0,1,0,18
2025-01-29 11:16:11,3,0,1,0,18
2025-01-29 11:16:11,3,0,1,0,18
2025-01-29 11:16:12,3,0,1,0,18
2025-01-29 11:16:12,3,0,1,0,18
2025-01-29 11:16:12,3,0,1,0,18
2025-01-29 11:16:12,3,0,1,0,18
2025-01-29 11:16:12,3,0,1,0,18
2025-01-29 11:16:12,3,0,1,0,18
2025-01-29 11:16:12,3,0,1,0,18
2025-01-29 11:16:12,3,0,1,0,18
2025-01-29 11:16:12,3,0,2,0,20
2025-01-29 11:16:13,2,0,2,0,18
2025-01-29 11:16:13,2,0,2,0,18
2025-01-29 11:16:13,2,0,2,0,18
2025-01-29 11:16:13,2,1,2,0,20
2025-01-29 11:16:13,2,1,2,0,20
2025-01-29 11:16:13,2,0,2,0,18
2025-01-29 11:16:13,2,0,2,0,18
2025-01-29 11:16:13,2,1,2,0,20
2025-01-29 11:16:13,2,1,2,0,20
2025-01-29 11:16:14,2,1,2,0,20
2025-01-29 11:16:14,2,1,2,0,20
2025-01-29 11:16:14,3,1,2,0,22
2025-01-29 11:16:14,3,1,1,0,20
2025-01-29 11:16:14,3,1,1,0,20
2025-01-29 11:16:15,3,1,1,0,20
2025-01-29 11:16:15,3,1,1,0,20
2025-01-29 11:16:15,2,1,1,0,18
2025-01-29 11:16:15,2,1,1,0,18
2025-01-29 11:16:15,2,1,1,0,18
2025-01-29 11:16:16,2,1,1,0,18
2025-01-29 11:16:16,2,1,1,0,18
2025-01-29 11:16:16,2,1,1,0,18
2025-01-29 11:16:16,2,1,1,0,18
2025-01-29 11:16:16,2,1,1,0,18
2025-01-29 11:16:17,2,1,1,0,18
2025-01-29 11:16:17,3,0,1,0,18
2025-01-29 11:16:17,3,0,1,0,18
2025-01-29 11:16:17,3,0,0,0,16
2025-01-29 11:16:18,3,0,1,0,18
2025-01-29 11:16:18,3,0,2,0,20
2025-01-29 11:16:18,3,0,2,0,20
2025-01-29 11:16:18,3,0,2,0,20
2025-01-29 11:16:18,2,0,2,0,18
2025-01-29 11:16:19,2,0,1,0,16
2025-01-29 11:16:19,2,0,1,0,16
2025-01-29 11:16:19,2,0,1,0,16
2025-01-29 11:16:19,2,1,1,0,18
2025-01-29 11:16:19,2,0,1,0,16
2025-01-29 11:16:20,2,0,1,0,16
2025-01-29 11:16:20,2,0,1,0,16
2025-01-29 11:27:34,4,1,2,0,24
2025-01-29 11:27:34,4,1,0,0,20
2025-01-29 11:27:34,3,1,0,0,18
2025-01-29 11:27:34,3,1,1,0,20
2025-01-29 11:27:34,3,1,0,0,18
2025-01-29 11:27:34,3,1,1,0,20
2025-01-29 11:27:34,4,1,1,0,22
2025-01-29 11:27:35,3,1,1,0,20
2025-01-29 11:27:35,5,1,0,0,22
2025-01-29 11:27:35,5,1,0,0,22
2025-01-29 11:27:35,4,1,0,0,20
2025-01-29 11:27:35,3,1,0,0,18
2025-01-29 11:27:35,3,1,1,0,20
2025-01-29 11:27:35,2,1,2,0,20
2025-01-29 11:27:35,2,1,2,0,20
2025-01-29 11:27:35,2,1,2,0,20
2025-01-29 11:27:36,2,2,2,0,22
2025-01-29 11:27:36,2,3,2,0,24
2025-01-29 11:27:36,2,2,1,0,20
2025-01-29 11:27:36,2,1,2,0,20
2025-01-29 11:27:36,2,1,2,0,20
2025-01-29 11:27:36,2,2,2,1,23
2025-01-29 11:27:36,2,2,2,1,23
2025-01-29 11:27:36,2,2,1,1,21
2025-01-29 11:27:36,2,2,1,1,21
2025-01-29 11:27:36,2,3,1,1,23
2025-01-29 11:27:36,2,2,1,0,20
2025-01-29 11:27:36,2,2,1,0,20
2025-01-29 11:27:37,2,2,2,0,22
2025-01-29 11:27:37,3,2,2,0,24
2025-01-29 11:27:37,3,3,1,0,24
2025-01-29 11:27:37,2,3,1,0,22
2025-01-29 11:27:37,2,2,1,0,20
2025-01-29 11:27:37,2,2,1,0,20
2025-01-29 11:27:37,2,1,1,0,18
2025-01-29 11:27:37,2,1,1,1,19
2025-01-29 11:27:37,2,1,1,0,18
2025-01-29 11:27:37,2,1,2,0,20
2025-01-29 11:27:37,2,1,2,2,22
2025-01-29 11:27:37,2,1,2,1,21
2025-01-29 11:27:37,2,1,2,1,21
2025-01-29 11:27:38,3,1,2,1,23
2025-01-29 11:27:38,3,1,2,1,23
2025-01-29 11:27:38,2,1,2,1,21
2025-01-29 11:27:38,3,1,2,1,23
2025-01-29 11:27:38,2,1,3,0,22
2025-01-29 11:27:38,2,1,2,0,20
2025-01-29 11:27:38,2,1,2,0,20
2025-01-29 11:27:38,2,1,3,0,22
2025-01-29 11:27:38,2,1,2,0,20
2025-01-29 11:27:38,2,1,3,0,22
2025-01-29 11:27:38,3,1,3,0,24
2025-01-29 11:27:38,3,1,3,0,24
2025-01-29 11:27:38,2,1,3,0,22
2025-01-29 11:27:39,2,1,4,0,24
2025-01-29 11:27:39,3,1,4,0,26
2025-01-29 11:27:39,3,1,4,0,26
2025-01-29 11:27:39,2,1,4,0,24
2025-01-29 11:27:39,3,1,4,0,26
2025-01-29 11:27:39,3,1,3,0,24
2025-01-29 11:27:39,3,1,3,0,24
2025-01-29 11:27:39,3,1,3,0,24
2025-01-29 11:27:39,2,1,2,1,21
2025-01-29 11:27:39,2,1,2,1,21
2025-01-29 11:27:39,2,1,3,0,22
2025-01-29 11:27:39,2,1,3,0,22
2025-01-29 11:27:39,2,2,3,0,24
2025-01-29 11:27:40,2,1,2,0,20
2025-01-29 11:27:40,3,2,1,0,22
2025-01-29 11:27:40,2,3,1,0,22
2025-01-29 11:27:40,3,2,1,0,22
2025-01-29 11:27:40,3,2,1,0,22
2025-01-29 11:27:40,3,2,2,0,24
2025-01-29 11:27:40,2,2,2,0,22
2025-01-29 11:27:40,3,2,2,0,24
2025-01-29 11:27:40,3,2,2,0,24
2025-01-29 11:27:40,4,2,1,0,24
2025-01-29 11:27:40,3,2,2,0,24
2025-01-29 11:27:40,3,2,2,0,24
2025-01-29 11:27:40,2,2,2,0,22
2025-01-29 11:27:40,2,1,3,0,22
2025-01-29 11:27:41,2,2,2,0,22
2025-01-29 11:27:41,2,2,3,0,24
2025-01-29 11:27:41,2,2,2,0,22
2025-01-29 11:27:41,2,3,3,0,26
2025-01-29 11:27:41,2,3,3,0,26
2025-01-29 11:27:41,2,3,3,0,26
2025-01-29 11:27:41,2,3,2,0,24
2025-01-29 11:27:41,2,3,2,0,24
2025-01-29 11:27:41,2,3,1,0,22
2025-01-29 11:27:41,2,3,1,0,22
2025-01-29 11:27:41,2,2,2,0,22
2025-01-29 11:27:41,2,1,1,0,18
2025-01-29 11:27:41,2,2,0,0,18
2025-01-29 11:27:42,2,2,0,0,18
2025-01-29 11:27:42,2,2,2,0,22
2025-01-29 11:27:42,2,1,1,0,18
2025-01-29 11:27:42,2,1,1,0,18
2025-01-29 11:27:42,3,2,1,0,22
2025-01-29 11:27:42,2,2,1,0,20
2025-01-29 11:27:42,2,2,1,0,20
2025-01-29 11:27:42,2,1,1,0,18
2025-01-29 11:27:42,2,2,1,0,20
2025-01-29 11:27:42,2,2,1,0,20
2025-01-29 11:27:42,2,1,1,0,18
2025-01-29 11:27:42,2,1,2,0,20
2025-01-29 11:27:42,2,2,2,0,22
2025-01-29 11:27:43,2,2,2,0,22
2025-01-29 11:27:43,2,1,2,0,20
2025-01-29 11:27:43,2,1,2,0,20
2025-01-29 11:27:43,2,1,2,0,20
2025-01-29 11:27:43,2,1,2,0,20
2025-01-29 11:27:43,2,1,2,0,20
2025-01-29 11:27:43,2,1,2,0,20
2025-01-29 11:27:43,2,1,1,0,18
2025-01-29 11:27:43,2,1,2,0,20
2025-01-29 11:27:43,2,1,1,0,18
2025-01-29 11:27:43,2,1,0,0,16
2025-01-29 11:27:43,2,1,0,0,16
2025-01-29 11:27:44,2,1,0,0,16
2025-01-29 11:27:44,2,1,0,0,16
2025-01-29 11:27:44,2,1,0,0,16
2025-01-29 11:27:44,2,1,0,0,16
2025-01-29 11:27:44,3,1,0,0,18
2025-01-29 11:27:44,3,1,0,0,18
2025-01-29 11:27:44,2,1,0,0,16
2025-01-29 11:27:44,2,1,0,0,16
2025-01-29 11:27:44,2,1,0,0,16
2025-01-29 11:27:44,2,1,1,0,18
2025-01-29 11:27:44,2,1,1,0,18
2025-01-29 11:27:44,2,1,1,0,18
2025-01-29 11:27:44,2,1,1,0,18
2025-01-29 11:27:45,2,1,1,0,18
2025-01-29 11:27:45,2,1,0,0,16
2025-01-29 11:27:45,2,1,1,0,18
2025-01-29 11:27:45,2,1,1,0,18
2025-01-29 11:27:45,2,1,2,0,20
2025-01-29 11:27:45,3,1,2,0,22
2025-01-29 11:27:47,2,1,3,0,22
2025-01-29 11:27:48,2,1,3,0,22
2025-01-29 11:27:48,2,1,3,0,22
2025-01-29 11:27:48,2,1,3,0,22
2025-01-29 11:27:48,2,1,2,0,20
2025-01-29 11:27:48,1,1,2,0,18
2025-01-29 11:27:48,2,1,2,0,20
2025-01-29 11:27:48,2,1,2,0,20
2025-01-29 11:27:48,2,1,2,0,20
2025-01-29 11:27:48,2,1,3,0,22
2025-01-29 11:27:48,2,1,3,0,22
2025-01-29 11:27:48,2,1,3,0,22
2025-01-29 11:27:48,2,1,2,0,20
2025-01-29 11:27:48,2,1,2,0,20
2025-01-29 11:27:49,2,1,1,0,18
2025-01-29 11:27:49,2,1,1,0,18
2025-01-29 11:27:49,2,1,1,0,18
2025-01-29 11:27:49,2,1,2,0,20
2025-01-29 11:27:49,2,1,2,0,20
2025-01-29 11:27:49,2,1,1,0,18
2025-01-29 11:27:49,2,1,1,0,18
2025-01-29 11:27:49,2,1,2,0,20
2025-01-29 11:27:49,2,1,1,0,18
2025-01-29 11:27:49,2,1,2,0,20
2025-01-29 11:27:49,2,1,2,0,20
2025-01-29 11:27:49,2,1,1,0,18
2025-01-29 11:27:49,2,1,1,0,18
2025-01-29 11:27:50,2,1,1,0,18
2025-01-29 11:27:50,2,1,2,0,20
2025-01-29 11:27:50,2,1,1,0,18
2025-01-29 11:27:50,2,1,1,0,18
2025-01-29 11:27:50,2,1,1,0,18
2025-01-29 11:27:50,2,1,1,0,18
2025-01-29 11:27:50,2,1,1,0,18
2025-01-29 11:27:50,2,1,1,0,18
2025-01-29 11:27:50,3,1,1,1,21
2025-01-29 11:27:50,2,1,1,0,18
2025-01-29 11:27:50,3,1,1,0,20
2025-01-29 11:27:50,2,0,1,0,16
2025-01-29 11:27:50,3,1,1,0,20
2025-01-29 11:27:51,3,1,0,0,18
2025-01-29 11:27:51,3,1,1,1,21
2025-01-29 11:27:51,3,1,1,0,20
2025-01-29 11:27:51,3,1,1,0,20
2025-01-29 11:27:51,3,1,1,0,20
2025-01-29 11:27:51,3,1,1,0,20
2025-01-29 11:27:51,3,1,1,0,20
2025-01-29 11:27:51,3,1,1,0,20
2025-01-29 11:27:51,3,1,1,0,20
2025-01-29 11:27:51,3,2,1,0,22
2025-01-29 11:27:51,3,2,1,0,22
2025-01-29 11:27:51,3,1,1,0,20
2025-01-29 11:27:51,3,1,1,0,20
2025-01-29 11:27:52,3,1,1,0,20
2025-01-29 11:27:52,2,1,1,0,18
2025-01-29 11:27:52,2,1,2,0,20
2025-01-29 11:27:52,2,1,2,0,20
2025-01-29 11:27:52,3,1,2,0,22
2025-01-29 11:27:52,3,1,2,0,22
2025-01-29 11:27:52,2,1,3,0,22
2025-01-29 11:27:52,2,1,3,0,22
2025-01-29 11:27:52,2,1,3,0,22
2025-01-29 11:27:52,2,1,3,0,22
2025-01-29 11:27:52,1,1,3,0,20
2025-01-29 11:27:52,2,1,3,0,22
2025-01-29 11:27:52,3,1,3,0,24
2025-01-29 11:27:53,3,1,3,0,24
2025-01-29 11:27:53,1,1,3,0,20
2025-01-29 11:27:53,1,1,3,0,20
2025-01-29 11:27:53,2,1,2,0,20
2025-01-29 11:27:53,1,1,3,0,20
2025-01-29 11:27:53,2,1,3,0,22
2025-01-29 11:27:53,3,1,3,0,24
2025-01-29 11:27:53,2,1,2,0,20
2025-01-29 11:27:53,1,1,2,0,18
2025-01-29 11:27:53,1,1,2,0,18
2025-01-29 11:27:53,2,1,2,0,20
2025-01-29 11:27:53,2,1,2,0,20
2025-01-29 11:27:53,2,1,3,0,22
2025-01-29 11:27:54,3,1,2,0,22
2025-01-29 11:27:54,3,1,2,0,22
2025-01-29 11:27:54,2,1,3,0,22
2025-01-29 11:27:54,3,1,3,0,24
2025-01-29 11:27:54,3,1,3,0,24
2025-01-29 11:27:54,2,1,3,0,22
2025-01-29 11:27:54,3,1,2,0,22
2025-01-29 11:27:54,3,1,3,0,24
2025-01-29 11:27:54,3,1,3,0,24
2025-01-29 11:27:54,3,1,3,0,24
2025-01-29 11:27:54,3,1,3,0,24
2025-01-29 11:27:55,3,1,3,0,24
2025-01-29 11:27:55,3,1,3,0,24
2025-01-29 11:27:55,3,1,3,0,24
2025-01-29 11:27:55,3,1,3,0,24
2025-01-29 11:27:55,3,1,3,0,24
2025-01-29 11:27:55,2,1,2,0,20
2025-01-29 11:27:55,2,1,2,0,20
2025-01-29 11:27:55,2,1,2,0,20
2025-01-29 11:27:55,2,1,2,0,20
2025-01-29 11:27:55,2,1,2,0,20
2025-01-29 11:27:55,2,1,2,0,20
2025-01-29 11:27:56,2,1,2,0,20
2025-01-29 11:27:56,2,1,3,0,22
2025-01-29 11:27:56,2,1,2,0,20
2025-01-29 11:27:56,2,1,2,0,20
2025-01-29 11:27:56,2,1,2,0,20
2025-01-29 11:27:56,2,1,3,0,22
2025-01-29 11:27:56,2,1,2,0,20
2025-01-29 11:27:56,2,1,2,0,20
2025-01-29 11:27:56,2,1,2,0,20
2025-01-29 11:27:56,2,1,2,0,20
2025-01-29 11:27:56,2,1,2,0,20
2025-01-29 11:27:56,2,1,2,0,20
2025-01-29 11:27:56,2,1,2,0,20
2025-01-29 11:27:57,2,1,2,0,20
2025-01-29 11:27:57,2,0,2,0,18
2025-01-29 11:27:57,2,0,2,0,18
2025-01-29 11:27:57,2,0,2,0,18
2025-01-29 11:27:57,2,1,2,0,20
2025-01-29 11:27:57,2,1,2,0,20
2025-01-29 11:27:57,2,0,3,0,20
2025-01-29 11:27:57,2,1,3,0,22
2025-01-29 11:27:57,2,1,3,0,22
2025-01-29 11:27:57,2,1,2,0,20
2025-01-29 11:27:57,2,1,2,0,20
2025-01-29 11:27:57,2,1,2,0,20
2025-01-29 11:27:58,2,1,2,0,20
2025-01-29 11:27:58,2,2,3,0,24
2025-01-29 11:27:58,2,2,2,0,22
2025-01-29 11:27:58,2,2,3,0,24
2025-01-29 11:27:58,2,2,3,0,24
2025-01-29 11:27:58,2,1,3,0,22
2025-01-29 11:27:58,2,0,3,0,20
2025-01-29 11:27:58,2,0,3,0,20
2025-01-29 11:27:58,2,0,3,0,20
2025-01-29 11:27:58,2,1,3,0,22
2025-01-29 11:27:58,2,1,3,0,22
2025-01-29 11:27:58,2,1,3,0,22
2025-01-29 11:27:58,2,1,3,0,22
2025-01-29 11:27:59,2,0,2,0,18
2025-01-29 11:27:59,2,1,2,0,20
2025-01-29 11:27:59,2,1,3,0,22
2025-01-29 11:27:59,2,0,3,0,20
2025-01-29 11:27:59,2,0,3,0,20
2025-01-29 11:27:59,2,0,2,0,18
2025-01-29 11:27:59,2,0,2,0,18
2025-01-29 11:27:59,2,1,2,0,20
2025-01-29 11:27:59,2,0,3,0,20
2025-01-29 11:27:59,2,0,3,0,20
2025-01-29 11:27:59,2,0,2,0,18
2025-01-29 11:28:00,2,0,2,0,18
2025-01-29 11:28:00,2,1,2,0,20
2025-01-29 11:28:00,2,1,2,0,20
2025-01-29 11:28:00,2,1,2,0,20
2025-01-29 11:28:00,2,1,2,0,20
2025-01-29 11:28:00,2,1,2,0,20
2025-01-29 11:28:00,2,1,2,0,20
2025-01-29 11:28:00,3,1,2,0,22
2025-01-29 11:28:00,3,1,2,0,22
2025-01-29 11:28:00,3,1,2,0,22
2025-01-29 11:28:00,3,1,0,0,18
2025-01-29 11:28:00,3,1,0,0,18
2025-01-29 11:28:00,3,1,0,0,18
2025-01-29 11:28:01,3,1,0,0,18
2025-01-29 11:28:01,3,1,0,0,18
2025-01-29 11:28:01,3,1,0,0,18
2025-01-29 11:28:01,3,1,0,0,18
2025-01-29 11:28:01,3,1,0,0,18
2025-01-29 11:28:01,3,1,0,0,18
2025-01-29 11:28:01,3,1,0,0,18
2025-01-29 11:28:01,3,1,0,0,18
2025-01-29 11:28:01,3,1,0,0,18
2025-01-29 11:28:01,3,1,1,0,20
2025-01-29 11:28:01,3,1,1,0,20
2025-01-29 11:28:01,3,1,2,0,22
2025-01-29 11:28:01,3,1,2,0,22
2025-01-29 11:28:02,3,1,2,0,22
2025-01-29 11:28:02,3,1,2,0,22
2025-01-29 11:28:02,3,0,2,0,20
2025-01-29 11:28:02,3,1,2,0,22
2025-01-29 11:28:02,3,1,3,0,24
2025-01-29 11:28:02,3,1,3,0,24
2025-01-29 11:28:02,3,1,2,0,22
2025-01-29 11:28:02,3,1,2,0,22
2025-01-29 11:28:02,2,1,2,0,20
2025-01-29 11:28:02,3,1,2,0,22
2025-01-29 11:28:02,3,1,2,0,22
2025-01-29 11:28:02,3,1,2,0,22
2025-01-29 11:28:03,3,1,1,0,20
2025-01-29 11:28:03,3,1,2,0,22
2025-01-29 11:28:03,3,1,2,0,22
2025-01-29 11:28:03,3,1,1,0,20
2025-01-29 11:28:03,3,1,2,0,22
2025-01-29 11:28:03,3,1,2,0,22
2025-01-29 11:28:03,3,1,2,0,22
2025-01-29 11:28:03,3,1,2,0,22
2025-01-29 11:28:03,3,1,2,0,22
2025-01-29 11:28:03,3,1,2,0,22
2025-01-29 11:28:03,3,1,2,0,22
2025-01-29 11:28:03,3,1,2,0,22
2025-01-29 11:28:03,3,1,2,0,22
2025-01-29 11:28:04,3,1,2,0,22
2025-01-29 11:28:04,3,1,2,0,22
2025-01-29 11:28:04,3,1,2,0,22
2025-01-29 11:28:04,3,1,2,0,22
2025-01-29 11:28:04,3,1,2,0,22
2025-01-29 11:28:04,3,1,2,0,22
2025-01-29 11:28:04,3,1,2,0,22
2025-01-29 11:28:04,3,1,2,0,22
2025-01-29 11:28:04,3,1,1,0,20
2025-01-29 11:28:04,3,1,2,0,22
2025-01-29 11:28:04,3,1,2,0,22
2025-01-29 11:28:04,3,1,2,0,22
2025-01-29 11:28:05,3,1,2,0,22
2025-01-29 11:28:05,3,1,2,0,22
2025-01-29 11:28:05,3,1,2,0,22
2025-01-29 11:28:05,3,1,2,0,22
2025-01-29 11:28:05,3,1,2,0,22
2025-01-29 11:28:05,3,1,2,0,22
2025-01-29 11:28:05,3,1,2,0,22
2025-01-29 11:28:05,3,1,2,0,22
2025-01-29 11:28:05,3,1,2,0,22
2025-01-29 11:28:05,3,1,1,0,20
2025-01-29 11:28:05,3,1,1,0,20
2025-01-29 11:28:05,3,1,1,0,20
2025-01-29 11:28:05,3,1,1,0,20
2025-01-29 11:28:06,3,1,1,0,20
2025-01-29 11:28:06,3,1,1,0,20
2025-01-29 11:28:06,3,1,1,0,20
2025-01-29 11:28:06,3,1,1,0,20
2025-01-29 11:28:06,3,1,1,0,20
2025-01-29 11:28:06,3,1,1,0,20
2025-01-29 11:28:06,3,1,1,0,20
2025-01-29 11:28:06,3,1,1,0,20
2025-01-29 11:28:06,3,1,1,0,20
2025-01-29 11:28:06,3,1,1,0,20
2025-01-29 11:28:06,3,1,1,0,20
2025-01-29 11:28:06,3,1,1,0,20
2025-01-29 11:28:06,3,1,1,0,20
2025-01-29 11:28:06,3,1,1,0,20
2025-01-29 11:28:07,3,1,1,0,20
2025-01-29 11:28:07,3,1,1,0,20
2025-01-29 11:28:07,3,1,1,0,20
2025-01-29 11:28:07,3,1,1,0,20
2025-01-29 11:28:07,3,1,1,0,20
2025-01-29 11:28:07,3,1,1,0,20
2025-01-29 11:28:07,3,1,1,0,20
2025-01-29 11:28:07,3,1,1,0,20
2025-01-29 11:28:07,3,1,1,0,20
2025-01-29 11:28:07,3,1,1,0,20
2025-01-29 11:28:07,3,1,1,0,20
2025-01-29 11:28:07,3,1,1,0,20
2025-01-29 11:28:07,3,1,1,0,20
2025-01-29 11:28:08,3,1,1,0,20
2025-01-29 11:28:08,3,1,0,0,18
2025-01-29 11:28:08,3,1,0,0,18
2025-01-29 11:28:08,3,1,0,0,18
2025-01-29 11:28:08,3,1,0,0,18
2025-01-29 11:28:08,3,1,1,0,20
2025-01-29 11:28:08,3,1,1,0,20
2025-01-29 11:28:08,3,1,1,0,20
2025-01-29 11:28:08,3,1,1,0,20
2025-01-29 11:28:08,3,1,1,0,20
2025-01-29 11:28:08,3,1,2,0,22
2025-01-29 11:28:08,3,1,2,0,22
2025-01-29 11:28:08,3,1,1,0,20
2025-01-29 11:28:09,3,1,1,0,20
2025-01-29 11:28:09,3,1,2,0,22
2025-01-29 11:28:09,3,1,2,0,22
2025-01-29 11:28:09,3,1,2,0,22
2025-01-29 11:28:09,3,1,2,0,22
2025-01-29 11:28:09,3,1,2,0,22
2025-01-29 11:28:09,3,1,2,0,22
2025-01-29 11:28:09,3,1,1,0,20
2025-01-29 11:28:09,3,1,1,0,20
2025-01-29 11:28:09,3,1,1,0,20
2025-01-29 11:28:09,3,1,1,0,20
2025-01-29 11:28:09,3,1,1,0,20
2025-01-29 11:28:09,3,1,1,0,20
2025-01-29 11:28:10,3,1,1,0,20
2025-01-29 11:28:10,3,1,1,0,20
2025-01-29 11:28:10,3,1,1,0,20
2025-01-29 11:28:10,3,1,1,0,20
2025-01-29 11:28:10,3,1,1,0,20
2025-01-29 11:28:10,3,1,1,0,20
2025-01-29 11:28:10,3,1,1,0,20
2025-01-29 11:28:10,3,1,1,0,20
2025-01-29 11:28:10,3,1,1,0,20
2025-01-29 11:28:10,3,1,1,0,20
2025-01-29 11:28:10,3,1,1,0,20
2025-01-29 11:28:10,3,1,1,0,20
2025-01-29 11:28:10,3,1,1,0,20
2025-01-29 11:28:11,3,1,1,0,20
2025-01-29 11:28:11,3,1,2,0,22
2025-01-29 11:28:11,3,1,1,0,20
2025-01-29 11:28:11,3,1,1,0,20
2025-01-29 11:28:11,3,1,1,0,20
2025-01-29 11:28:11,3,1,1,0,20
2025-01-29 11:28:11,2,1,2,0,20
2025-01-29 11:28:11,3,1,2,0,22
2025-01-29 11:28:11,2,1,2,0,20
2025-01-29 11:28:11,3,0,2,0,20
2025-01-29 11:28:11,3,0,2,0,20
2025-01-29 11:28:11,3,0,2,0,20
2025-01-29 11:28:11,3,0,2,0,20
2025-01-29 11:28:12,3,0,2,0,20
2025-01-29 11:28:12,3,0,2,0,20
2025-01-29 11:28:12,3,0,2,0,20
2025-01-29 11:28:12,3,0,2,0,20
2025-01-29 11:28:12,2,0,2,0,18
2025-01-29 11:28:12,3,0,2,0,20
2025-01-29 11:28:12,2,0,2,0,18
2025-01-29 11:28:12,3,0,2,0,20
2025-01-29 11:28:12,3,0,2,0,20
2025-01-29 11:28:12,3,0,2,0,20
2025-01-29 11:28:12,3,1,1,0,20
2025-01-29 11:28:12,3,0,1,0,18
2025-01-29 11:28:12,3,0,1,0,18
2025-01-29 11:28:13,3,0,1,0,18
2025-01-29 11:28:13,3,0,1,0,18
2025-01-29 11:28:13,3,0,1,0,18
2025-01-29 11:28:13,3,0,1,0,18
2025-01-29 11:28:13,3,0,1,0,18
2025-01-29 11:28:13,3,0,1,0,18
2025-01-29 11:28:13,3,0,1,0,18
2025-01-29 11:28:13,3,0,1,0,18
2025-01-29 11:28:13,3,0,1,0,18
2025-01-29 11:28:13,3,0,1,0,18
2025-01-29 11:28:13,3,0,2,0,20
2025-01-29 11:28:13,2,0,2,0,18
2025-01-29 11:28:13,2,0,2,0,18
2025-01-29 11:28:14,2,0,2,0,18
2025-01-29 11:28:14,2,1,2,0,20
2025-01-29 11:28:14,2,1,2,0,20
2025-01-29 11:28:14,2,0,2,0,18
2025-01-29 11:28:14,2,0,2,0,18
2025-01-29 11:28:14,2,1,2,0,20
2025-01-29 11:28:14,2,1,2,0,20
2025-01-29 11:28:14,2,1,2,0,20
2025-01-29 11:28:14,2,1,2,0,20
2025-01-29 11:28:14,3,1,2,0,22
2025-01-29 11:28:14,3,1,1,0,20
2025-01-29 11:28:14,3,1,1,0,20
2025-01-29 11:28:14,3,1,1,0,20
2025-01-29 11:28:15,3,1,1,0,20
2025-01-29 11:28:15,2,1,1,0,18
2025-01-29 11:28:15,2,1,1,0,18
2025-01-29 11:28:15,2,1,1,0,18
2025-01-29 11:28:15,2,1,1,0,18
2025-01-29 11:28:15,2,1,1,0,18
2025-01-29 11:28:15,2,1,1,0,18
2025-01-29 11:28:15,2,1,1,0,18
2025-01-29 11:28:15,2,1,1,0,18
2025-01-29 11:28:15,2,1,1,0,18
2025-01-29 11:28:15,3,0,1,0,18
2025-01-29 11:28:15,3,0,1,0,18
2025-01-29 11:28:15,3,0,0,0,16
2025-01-29 11:28:16,3,0,1,0,18
2025-01-29 11:28:16,3,0,2,0,20
2025-01-29 11:28:16,3,0,2,0,20
2025-01-29 11:28:16,3,0,2,0,20
2025-01-29 11:28:16,2,0,2,0,18
2025-01-29 11:28:16,2,0,1,0,16
2025-01-29 11:28:16,2,0,1,0,16
2025-01-29 11:28:16,2,0,1,0,16
2025-01-29 11:28:16,2,1,1,0,18
2025-01-29 11:28:16,2,0,1,0,16
2025-01-29 11:28:16,2,0,1,0,16
2025-01-29 11:28:17,2,0,1,0,16
